Topic name,Tags,Partitions,Production,Consumption,Retained bytes,Consumers,Has data contract
ALMS.REFERENCE.INTERNATIONAL.LABELRANGE,,3,,,4.59MB,1,TRUE
AMS.REFERENCE.CITYSTATE.ALIAS,,5,,,147.93MB,4,TRUE
AMS.REFERENCE.CITYSTATE.DETAIL,,5,,,40.96MB,1,TRUE
AMS.REFERENCE.CITYSTATE.SEASONAL,,5,,,599.04KB,1,TRUE
AMS.REFERENCE.CITYSTATE.ZIPSCHEME,,5,,,95.34KB,1,TRUE
AMS.REFERENCE.CITYSTATE.ZONESPLIT,,5,,,167.69KB,1,TRUE
C360.OPERATIONS.SEARCHREQUEST,,3,325B/s,649B/s,1.95GB,3,TRUE
CBPMAN.MANIFEST.EXT_DISPOSITION.V0,,6,34B/s,103B/s,2.6MB,2,TRUE
CBPMAN.MANIFEST.INBOUND.INTERNATIONAL,,6,0B/s,0B/s,235.8MB,2,TRUE
CBPMAN.MANIFEST.OUTBOUND.INTERNATIONAL,,4,104B/s,312B/s,539.88MB,2,TRUE
CBPMAN.MANIFEST.TARIFF.V0,,6,,,8.69KB,2,TRUE
CCC.OPERATIONS.DELIVERY,,3,23B/s,23B/s,57.42MB,1,TRUE
CCC.OPERATIONS.INTERCEPT,,3,,,0B,1,TRUE
CCC.OPERATIONS.PICKUP,,3,1.98KB/s,3.18KB/s,1.79GB,1,TRUE
CCC.OPERATIONS.REDELIVERY,,3,281B/s,269B/s,80.07MB,1,TRUE
CICRS.OPERATIONS.REFUND,,3,0B/s,0B/s,23.4MB,1,TRUE
EDW.OPERATIONS.DELIVERYPREDICTION.DATE,,197,,,409.02GB,14,TRUE
EDW.OPERATIONS.DELIVERYPREDICTION.HOUR,,197,,,1.73TB,4,TRUE
eeb-prod-azure-e-cl.checkpoints.internal,,1,,,0B,,FALSE
eeb-prod-azure-e-cl.heartbeats,,6,316B/s,,54.29MB,,FALSE
eeb-prod-azure-e-cl.kfarm-prod.azeast.heartbeats,,6,,,0B,,FALSE
eeb-prod-azure-e-cl.kfarm-prod.azwest.heartbeats,,6,,,0B,,FALSE
eeb-prod-azure-e-cl.kfarm-prod.east-az-ptr2.heartbeats,,6,84B/s,89B/s,27.87MB,,FALSE
eeb-prod-azure-e-cl.kfarm-prod.emasaws_east_gp-prod.heartbeats,,6,284B/s,296B/s,47.01MB,,FALSE
eeb-prod-azure-e-cl.kfarm-prod.emasaws_east-prod.heartbeats,,6,307B/s,307B/s,258.83MB,,FALSE
eeb-prod-azure-e-cl.kfarm-prod.emasaws_west-prod.heartbeats,,6,295B/s,,41.18MB,,FALSE
eeb-prod-azure-e-cl.kfarm-prod.emasaws-prod.heartbeats,,6,273B/s,265B/s,240.57MB,,FALSE
eeb-prod-azure-e-cl.kfarm-prod.emasaws.heartbeats,,6,,,0B,,FALSE
eeb-prod-azure-e-cl.kfarm-prod.heartbeats,,6,363B/s,,9.32MB,,FALSE
eeb-prod-azure-e-cl.kfarm-prod.ship.heartbeats,,6,425B/s,425B/s,256.34MB,,FALSE
eeb-prod-azure-e-cl.kfarm-prod.src.heartbeats,,6,,,0B,,FALSE
eeb-prod-azure-e-cl.pone-prod.azure-ptr2.heartbeats,,6,108B/s,108B/s,49.74MB,,FALSE
eeb-prod-azure-e-cl.pone-prod.azure-ptr21.heartbeats,,6,,,412B,,FALSE
eeb-prod-azure-e-cl.pone-prod.azure-ptr21.pone-prod.azure-ptr21.heartbeats,,6,,,256B,,FALSE
eeb-prod-azure-e-cl.pone-prod.azure-ptr21.pone-prod.azure-ptr21.pone-prod.azure-ptr21.heartbeats,,6,,,309B,,FALSE
eeb-prod-azure-e-cl.pone-prod.azure-ptr21.pone-prod.azure-ptr21.pone-prod.azure-ptr21.pone-prod.azure-ptr21.heartbeats,,6,,,0B,,FALSE
eeb-prod-azure-e-cl.pone-prod.azure-ptr21.pone-prod.azure-ptr21.pone-prod.heartbeats,,6,,,218B,,FALSE
eeb-prod-azure-e-cl.pone-prod.azure-ptr21.pone-prod.azure-ptr21.pone-prod.kfarm.heartbeats,,6,,,0B,,FALSE
eeb-prod-azure-e-cl.pone-prod.azure-ptr21.pone-prod.heartbeats,,6,,,223B,,FALSE
eeb-prod-azure-e-cl.pone-prod.azure-ptr21.pone-prod.kfarm.heartbeats,,6,,,0B,,FALSE
eeb-prod-azure-e-cl.pone-prod.emasaws.heartbeats,,6,,,0B,,FALSE
eeb-prod-azure-e-cl.pone-prod.heartbeats,,6,194B/s,196B/s,24.92MB,,FALSE
eeb-prod-azure-e-cl.pone-prod.src.heartbeats,,6,,,0B,,FALSE
eeb-prod-azure-e-cl.pone-prod2.azure-ptr21.pone-prod.azure-ptr21.pone-prod.heartbeats,,6,,,0B,,FALSE
EEB.CBPMAN.MANIFEST.EXT_DISPOSITION.V0,,6,22B/s,66B/s,4.29MB,2,TRUE
EEB.CBPMAN.MANIFEST.EXT_DISPOSITION.V0.REJECTED,,3,,,0B,,TRUE
EEB.MANIFEST.CBPMAN.INBOUND.INTERNATIONAL,,6,0B/s,0B/s,341.36MB,2,TRUE
EEB.MANIFEST.CBPMAN.INBOUND.INTERNATIONAL.REJECTED,,3,,,0B,,TRUE
EEB.MANIFEST.CBPMAN.OUTBOUND.INTERNATIONAL,,4,223B/s,1.78KB/s,589.09MB,2,TRUE
EEB.MANIFEST.CBPMAN.OUTBOUND.INTERNATIONAL.REJECTED,,3,,,0B,,TRUE
EEB.MANIFEST.PTR2.SSF,,197,,,0B,,TRUE
EEB.MANIFEST.PTR2.SSF.INCOMPLETE,,197,,,0B,,TRUE
EEB.MANIFEST.PTR2.SSF.REJECTED,,3,,,0B,,TRUE
EEB.MANIFEST.SHIPPINGPARTNER,,24,15.1KB/s,57.83KB/s,112.27GB,2,TRUE
EEB.MANIFEST.SHIPPINGPARTNER.REJECTED,,3,,,1.62KB,,TRUE
EEB.MANIFEST.SHIPPINGSERVICE,,55,5.63KB/s,9.71KB/s,159.5GB,5,TRUE
EEB.MANIFEST.SHIPPINGSERVICE.REJECTED,,3,,,94.67MB,,TRUE
EEB.OPERATIONS.ACP,,35,48.33KB/s,212.31KB/s,23.33GB,2,TRUE
EEB.OPERATIONS.ACP.REJECTED,,3,,,2.73KB,,TRUE
EEB.OPERATIONS.CCC.DELIVERY,,3,19B/s,97B/s,53.81MB,2,TRUE
EEB.OPERATIONS.CCC.DELIVERY.REJECTED,,3,,,0B,,TRUE
EEB.OPERATIONS.CCC.INTERCEPT,,3,,0B/s,0B,1,TRUE
EEB.OPERATIONS.CCC.INTERCEPT.REJECTED,,3,,,0B,,TRUE
EEB.OPERATIONS.CCC.PICKUP,,3,957B/s,9.81KB/s,1.29GB,2,TRUE
EEB.OPERATIONS.CCC.PICKUP.REJECTED,,3,,,144.76KB,,TRUE
EEB.OPERATIONS.CCC.REDELIVERY,,3,198B/s,846B/s,60.1MB,2,TRUE
EEB.OPERATIONS.CCC.REDELIVERY.REJECTED,,3,,,0B,,TRUE
EEB.OPERATIONS.EDW.DELIVERYPREDICTION.DATE,,197,,0B/s,711.24GB,48,TRUE
EEB.OPERATIONS.EDW.DELIVERYPREDICTION.DATE.REJECTED,,3,,,2.33MB,,TRUE
EEB.OPERATIONS.EDW.DELIVERYPREDICTION.HOUR,,197,,,3.98TB,,TRUE
EEB.OPERATIONS.EDW.DELIVERYPREDICTION.HOUR.REJECTED,,3,,,0B,,TRUE
EEB.OPERATIONS.GBS.CUSTOMS,,6,145B/s,1.24KB/s,683.68MB,2,TRUE
EEB.OPERATIONS.GBS.CUSTOMS.REJECTED,,3,,,0B,,TRUE
EEB.OPERATIONS.GBS.TRANSPORTATION,,7,100B/s,1.01KB/s,741.56MB,2,TRUE
EEB.OPERATIONS.GBS.TRANSPORTATION.REJECTED,,3,,,0B,,TRUE
EEB.OPERATIONS.IDS.MPE.SCAN,,197,6.65MB/s,15.21MB/s,12TB,48,TRUE
EEB.OPERATIONS.IDS.MPE.SCAN.REJECTED,,3,,,524.39MB,,TRUE
EEB.OPERATIONS.IDS.PACKAGE.SCAN,,197,292.94KB/s,504.77KB/s,1.07TB,,TRUE
EEB.OPERATIONS.IDS.PACKAGE.SCAN.REJECTED,,3,,,0B,,TRUE
EEB.OPERATIONS.IMDAS.CBL,,3,2.63KB/s,59.57KB/s,3.05GB,2,TRUE
EEB.OPERATIONS.IMDAS.CBL.REJECTED,,3,,,213.31KB,,TRUE
EEB.OPERATIONS.IMDAS.CBT,,3,48B/s,313B/s,1.27GB,,TRUE
EEB.OPERATIONS.IMDAS.CBT.REJECTED,,3,,,0B,,TRUE
EEB.OPERATIONS.IMDAS.CLF,,24,6.52KB/s,27.64KB/s,13.12GB,6,TRUE
EEB.OPERATIONS.IMDAS.CLF.REJECTED,,3,,,1.3MB,,TRUE
EEB.OPERATIONS.IMDAS.CR1,,3,14B/s,131B/s,605.02KB,2,TRUE
EEB.OPERATIONS.IMDAS.CR1.REJECTED,,3,,,0B,,TRUE
EEB.OPERATIONS.IMDAS.DSP,,3,10B/s,777B/s,81.2MB,1,TRUE
EEB.OPERATIONS.IMDAS.DSP.REJECTED,,3,,,41.11KB,,TRUE
EEB.OPERATIONS.IMDAS.FR1,,3,401B/s,8.29KB/s,1.08GB,2,TRUE
EEB.OPERATIONS.IMDAS.FR1.REJECTED,,3,,,1.68MB,,TRUE
EEB.OPERATIONS.IMDAS.MMD,,24,15.35KB/s,61.84KB/s,14.31GB,1,TRUE
EEB.OPERATIONS.IMDAS.MMD.CARRIER.SCAN,,24,2.35KB/s,1.73KB/s,3.38GB,,TRUE
EEB.OPERATIONS.IMDAS.MMD.REJECTED,,3,,,37.3KB,,TRUE
EEB.OPERATIONS.IVS.SIGNATURE,,3,191B/s,1.74KB/s,922.59MB,2,TRUE
EEB.OPERATIONS.IVS.SIGNATURE.REJECTED,,3,,,0B,,TRUE
EEB.OPERATIONS.MED,,197,882.36KB/s,2.35MB/s,594.19GB,24,TRUE
EEB.OPERATIONS.MED.REJECTED,,3,,,55.11MB,,TRUE
EEB.OPERATIONS.MHTS.FIRMBOOK.FR2,,3,,,107MB,2,TRUE
EEB.OPERATIONS.MHTS.FIRMBOOK.FR2.REJECTED,,3,,,0B,,TRUE
EEB.OPERATIONS.NCOA.ACS.DISPOSITION.UPDATE,,97,,,1.27GB,6,TRUE
EEB.OPERATIONS.NCOA.ACS.DISPOSITION.UPDATE.REJECTED,,3,,,0B,,TRUE
EEB.OPERATIONS.OSW,,3,58.36KB/s,1.17MB/s,27.59GB,2,TRUE
EEB.OPERATIONS.OSW.REJECTED,,3,,,3.65MB,,TRUE
EEB.OPERATIONS.PTR2.CONTAINER.SCAN,,197,,,0B,,TRUE
EEB.OPERATIONS.PTR2.CONTAINER.SCAN.REJECTED,,3,,,0B,,TRUE
EEB.OPERATIONS.PTR2.NOTIFICATION,,197,,,0B,,TRUE
EEB.OPERATIONS.PTR2.NOTIFICATION.HOLDFORPICKUP,,197,,,0B,,TRUE
EEB.OPERATIONS.PTR2.NOTIFICATION.REJECTED,,3,,,0B,,TRUE
EEB.OPERATIONS.PTR2.PACKAGE.SCAN,,197,,,0B,,TRUE
EEB.OPERATIONS.PTR2.PACKAGE.SCAN.ASSUMEDBREAK,,197,,,0B,,TRUE
EEB.OPERATIONS.PTR2.PACKAGE.SCAN.CBPMAN,,197,,,0B,,TRUE
EEB.OPERATIONS.PTR2.PACKAGE.SCAN.EXPRESS,,197,,,0B,,TRUE
EEB.OPERATIONS.PTR2.PACKAGE.SCAN.INTERCEPT,,197,,,0B,,TRUE
EEB.OPERATIONS.PTR2.PACKAGE.SCAN.PARCELRETURNSERVICE,,197,,,0B,,TRUE
EEB.OPERATIONS.PTR2.PACKAGE.SCAN.REJECTED,,3,,,0B,,TRUE
EEB.OPERATIONS.PTR2.RIPS,,197,,,0B,,TRUE
EEB.OPERATIONS.PTR2.RIPS.REJECTED,,3,,,0B,,TRUE
EEB.OPERATIONS.RECOVERY.SEARCHREQUEST,,3,400B/s,4.04KB/s,194.24MB,3,TRUE
EEB.OPERATIONS.RECOVERY.SEARCHREQUEST.REJECTED,,3,,,0B,,TRUE
EEB.OPERATIONS.REFUND,,3,8B/s,57B/s,64.88MB,2,TRUE
EEB.OPERATIONS.REFUND.REJECTED,,3,,,0B,,TRUE
EEB.OPERATIONS.RIMS.GPS.BREADCRUMB.ONE.MINUTE,,197,1.1MB/s,910.08KB/s,905.13GB,,TRUE
EEB.OPERATIONS.RIMS.GPS.BREADCRUMB.ONE.MINUTE.REJECTED,,3,,,3.22MB,,TRUE
EEB.OPERATIONS.RSS.MPU,,6,5.13KB/s,41.27KB/s,2.61GB,6,TRUE
EEB.OPERATIONS.RSS.MPU.REJECTED,,3,,,0B,,TRUE
EEB.OPERATIONS.RSS.SMP,,3,277B/s,2.01KB/s,93.84MB,2,TRUE
EEB.OPERATIONS.RSS.SMP.REJECTED,,3,,,18.48KB,,TRUE
EEB.OPERATIONS.SAMS2.ASSIGNMENTLOG.V0,,6,0B/s,0B/s,4.43GB,4,TRUE
EEB.OPERATIONS.SAMS2.ASSIGNMENTLOG.V0.REJECTED,,6,,,0B,,TRUE
EEB.OPERATIONS.SASS.CONTAINERSCAN.V0,,6,0B/s,0B/s,119.51MB,2,TRUE
EEB.OPERATIONS.SASS.CONTAINERSCAN.V0.REJECTED,,6,,,0B,,TRUE
EEB.OPERATIONS.SASS.HUSCAN.V0,,6,94B/s,198B/s,14.78GB,2,TRUE
EEB.OPERATIONS.SASS.HUSCAN.V0.REJECTED,,6,,,0B,,TRUE
EEB.OPERATIONS.SASS.PROCESSEDTAGS.V0,,6,,,2.62GB,,TRUE
EEB.OPERATIONS.SASS.PROCESSEDTAGS.V0.REJECTED,,6,,,0B,,TRUE
EEB.OPERATIONS.SV.MEV,,3,4.41KB/s,28.5KB/s,3.37GB,2,TRUE
EEB.OPERATIONS.SV.MEV.REJECTED,,3,,,0B,,TRUE
EEB.OPERATIONS.SV.NESTING.CT1,,197,241.87KB/s,764.66KB/s,409.85GB,24,TRUE
EEB.OPERATIONS.SV.NESTING.CT1.REJECTED,,3,,,0B,,TRUE
EEB.OPERATIONS.SV.TRANSPORTATION.CT2,,22,0B/s,1004B/s,27.33GB,22,TRUE
EEB.OPERATIONS.SV.TRANSPORTATION.CT2.REJECTED,,3,,,0B,,TRUE
EEB.OPERATIONS.TRP.DELIVERYPREDICTION,,197,69.9KB/s,246.85KB/s,284.06GB,24,TRUE
EEB.OPERATIONS.TRP.DELIVERYPREDICTION.REJECTED,,3,,,0B,,TRUE
EEB.REFERENCE.ALMS.INTERNATIONAL.LABELRANGE,,3,,,1.21MB,,TRUE
EEB.REFERENCE.ALMS.INTERNATIONAL.LABELRANGE.REJECTED,,3,,,0B,,TRUE
EEB.REFERENCE.AMS.CITYSTATE.ALIAS,,5,,,123.51MB,,TRUE
EEB.REFERENCE.AMS.CITYSTATE.ALIAS.REJECTED,,3,,,0B,,TRUE
EEB.REFERENCE.AMS.CITYSTATE.DETAIL,,5,,,36.1MB,,TRUE
EEB.REFERENCE.AMS.CITYSTATE.DETAIL.REJECTED,,3,,,0B,,TRUE
EEB.REFERENCE.AMS.CITYSTATE.SEASONAL,,5,,,666.9KB,,TRUE
EEB.REFERENCE.AMS.CITYSTATE.SEASONAL.REJECTED,,3,,,0B,,TRUE
EEB.REFERENCE.AMS.CITYSTATE.ZIPSCHEME,,5,,,119.99KB,,TRUE
EEB.REFERENCE.AMS.CITYSTATE.ZIPSCHEME.REJECTED,,3,,,0B,,TRUE
EEB.REFERENCE.AMS.CITYSTATE.ZONESPLIT,,5,,,134.8KB,,TRUE
EEB.REFERENCE.AMS.CITYSTATE.ZONESPLIT.REJECTED,,3,,,0B,,TRUE
EEB.REFERENCE.EELLS.LABLELIST,,12,,,42.82MB,,TRUE
EEB.REFERENCE.EELLS.LABLELIST.REJECTED,,3,,,0B,,TRUE
EEB.REFERENCE.EMDM.FACILITY,,3,,,422.31MB,5,TRUE
EEB.REFERENCE.EMDM.FACILITY.REJECTED,,3,,,0B,,TRUE
EEB.REFERENCE.FDB.FACILITY,,3,,,251.36MB,,TRUE
EEB.REFERENCE.FDB.FACILITY.REJECTED,,3,,,0B,,TRUE
EEB.REFERENCE.IMC.INTERNATIONAL.AIRPORT,,3,,,1.35KB,,TRUE
EEB.REFERENCE.IMC.INTERNATIONAL.AIRPORT.REJECTED,,3,,,0B,,TRUE
EEB.REFERENCE.IMC.INTERNATIONAL.COUNTRY,,3,,,2.22KB,,TRUE
EEB.REFERENCE.IMC.INTERNATIONAL.COUNTRY.ICO,,3,,,1.55KB,,TRUE
EEB.REFERENCE.IMC.INTERNATIONAL.COUNTRY.ICO.REJECTED,,3,,,0B,,TRUE
EEB.REFERENCE.IMC.INTERNATIONAL.COUNTRY.REJECTED,,3,,,0B,,TRUE
EEB.REFERENCE.IMC.INTERNATIONAL.CUSTOMS,,3,,,2.43KB,,TRUE
EEB.REFERENCE.IMC.INTERNATIONAL.CUSTOMS.REJECTED,,3,,,0B,,TRUE
EEB.REFERENCE.IMC.INTERNATIONAL.MARITIMEPORTS,,3,,,0B,,TRUE
EEB.REFERENCE.IMC.INTERNATIONAL.MARITIMEPORTS.REJECTED,,3,,,0B,,TRUE
EEB.REFERENCE.IMC.INTERNATIONAL.OFFICE,,3,,,24.34KB,,TRUE
EEB.REFERENCE.IMC.INTERNATIONAL.OFFICE.REJECTED,,3,,,0B,,TRUE
EEB.REFERENCE.IMC.SUPPORTEDCOUNTRIES,,3,,,17.03MB,,TRUE
EEB.REFERENCE.IMC.SUPPORTEDCOUNTRIES.REJECTED,,3,,,0B,,TRUE
EEB.REFERENCE.IMC.TRADINGPARTNER,,3,,,0B,,TRUE
EEB.REFERENCE.IMC.TRADINGPARTNER.REJECTED,,3,,,0B,,TRUE
EEB.REFERENCE.PROGREG.CUSTOMER,,6,,,617.27KB,,TRUE
EEB.REFERENCE.PROGREG.CUSTOMER.REJECTED,,3,,,0B,,TRUE
EEB.REFERENCE.PTR2.DATA,,3,,,0B,,TRUE
EEB.REFERENCE.PTR2.DATA.REJECTED,,3,,,0B,,TRUE
EEB.REFERENCE.SDC.HOLIDAY,,3,,,66.17KB,,TRUE
EEB.REFERENCE.SDC.HOLIDAY.REJECTED,,3,,,6.41KB,,TRUE
EELLS.REFERENCE.LABELLIST.ENTRYFACILITY,,3,,,13.33KB,3,TRUE
EELLS.REFERENCE.LABELLIST.SCHEME,,3,,,56.77MB,3,TRUE
EELLS.REFERENCE.LABELLIST.SITESCHEME,,3,,,3.04MB,3,TRUE
EELLS.REFERENCE.LABELLIST.ZIPCODE,,3,,,26.98MB,3,TRUE
EMAS.MANIFEST.SSF,,18,,,153.28GB,14,TRUE
EMAS.OPERATIONS.SPF,,18,11.96KB/s,23.89KB/s,91.79GB,8,TRUE
EMDM.REFERENCE.FACILITYGOLDENRECORD,,3,,,1.3GB,1,TRUE
ENCMS.MANIFEST.SSF,,3,,,807.12MB,2,TRUE
EPLCMS.OPERATIONS.MED,,3,100B/s,199B/s,119.39MB,1,TRUE
EPLCMS.OPERATIONS.OSW,,3,,,3.95MB,1,TRUE
FDB.REFERENCE.FACILITY,,3,,,467.64MB,1,TRUE
GBS.OPERATIONS.ENROUTEARRIVAL,,3,,,0B,1,TRUE
GBS.OPERATIONS.ENROUTEDEPART,,3,,,1.12MB,2,TRUE
GBS.OPERATIONS.HELDORCANCELLATION,,3,,0B/s,1.15MB,2,TRUE
GBS.OPERATIONS.HOLDORRETURN,,3,,,9.42MB,2,TRUE
GBS.OPERATIONS.INBOUND.INTOOUTCUSTOMS,,5,,,716.84MB,2,TRUE
GBS.OPERATIONS.INTERNATIONAL.ARRIVAL,,5,,,1.39GB,2,TRUE
GBS.OPERATIONS.INTERNATIONAL.DISPATCHREADY,,3,415B/s,1.21KB/s,3.29GB,4,TRUE
GBS.OPERATIONS.INTERNATIONAL.TRANSITARRIVAL,,3,,,0B,,TRUE
GBS.OPERATIONS.OUTBOUND.INTOOUTCUSTOMS,,3,288B/s,1.12KB/s,914.03MB,3,TRUE
GSS.MANIFEST.SSF,,3,0B/s,0B/s,287.52MB,2,TRUE
GSS.OPERATIONS.SPF,,3,0B/s,0B/s,96.29MB,3,TRUE
heartbeats,,6,413B/s,826B/s,97.95MB,,FALSE
icr-enhanced,,10,384.35KB/s,2.26MB/s,141.16GB,10,FALSE
IDS.OPERATIONS.MPE.AFCS,,197,113.02KB/s,204.4KB/s,342.15GB,15,TRUE
IDS.OPERATIONS.MPE.APPS,,197,141.7KB/s,262.56KB/s,400.69GB,15,TRUE
IDS.OPERATIONS.MPE.BCS,,197,2.64MB/s,4.77MB/s,4.85TB,40,TRUE
IDS.OPERATIONS.MPE.FMPCS,,53,40.32KB/s,73.7KB/s,121.93GB,7,TRUE
IDS.OPERATIONS.MPE.FSM,,197,186.77KB/s,342.27KB/s,330.87GB,13,TRUE
IDS.OPERATIONS.MPE.GENMP,,197,48.34KB/s,87.24KB/s,347.49GB,17,TRUE
ilelvp.checkpoints.internal,,6,,,0B,,FALSE
ilelvp.heartbeats,,6,91B/s,91B/s,27.4MB,,FALSE
ilelvp.src.heartbeats,,6,,,0B,,FALSE
IMC.REFERENCE.INTERNATIONAL.AIRPORT,,3,,,1.76KB,1,TRUE
IMC.REFERENCE.INTERNATIONAL.COUNTRY,,3,,,1.41KB,1,TRUE
IMC.REFERENCE.INTERNATIONAL.COUNTRY.ICO,,3,,,1.44KB,1,TRUE
IMC.REFERENCE.INTERNATIONAL.CUSTOMS,,3,,,4.72KB,1,TRUE
IMC.REFERENCE.INTERNATIONAL.MARITIMEPORTS,,3,,,0B,1,TRUE
IMC.REFERENCE.INTERNATIONAL.OFFICE,,3,,,66.31KB,1,TRUE
IMC.REFERENCE.SUPPORTEDCOUNTRIES,,3,,,67.33MB,1,TRUE
IMC.REFERENCE.TRADINGPARTNER,,3,,,0B,1,TRUE
IMDAS.OPERATIONS.ACP.V14,,3,29B/s,58B/s,25.37MB,2,TRUE
IMDAS.OPERATIONS.ACP.V17,,3,,,65.64KB,1,TRUE
IMDAS.OPERATIONS.CBL,,3,1.93KB/s,3.85KB/s,1.85GB,2,TRUE
IMDAS.OPERATIONS.CBT,,3,12B/s,12B/s,734.52MB,1,TRUE
IMDAS.OPERATIONS.CLF,,24,3.73KB/s,5.93KB/s,7.31GB,3,TRUE
IMDAS.OPERATIONS.CR1,,3,30B/s,61B/s,390.77KB,1,TRUE
IMDAS.OPERATIONS.DSP,,3,6B/s,13B/s,122.63MB,1,TRUE
IMDAS.OPERATIONS.FR1,,3,715B/s,1.4KB/s,1.83GB,1,TRUE
IMDAS.OPERATIONS.HLD.V0,,6,,,48.25KB,1,TRUE
IMDAS.OPERATIONS.MED,,197,561.92KB/s,1.03MB/s,368.2GB,27,TRUE
IMDAS.OPERATIONS.MMD,,24,7.15KB/s,12.54KB/s,6.7GB,8,TRUE
IMDAS.OPERATIONS.OSW,,3,60.43KB/s,60.75KB/s,30.04GB,3,TRUE
IVS.OPERATIONS.SIGNATURE,,3,1.24KB/s,2.48KB/s,1.92GB,3,TRUE
MDIMS.MANIFEST.SSF,,3,583B/s,1.14KB/s,183.07MB,2,TRUE
MHTS.OPERATIONS.FIRMBOOK.FR2,,3,,,142.16MB,1,TRUE
mm2-configs.east-gcp-prod.internal,,1,,,0B,,FALSE
mm2-configs.eeb-prod-azure-e-cl.90f9d2.internal,,1,,,37.5KB,,FALSE
mm2-configs.eeb-prod-azure-e-cl.internal,,1,,,370.85KB,,FALSE
mm2-configs.eeb-prod-gcp-c1-cl.7d102b.internal,,1,,,22.89KB,,FALSE
mm2-configs.eeb-prod-gcp-e4-cl.internal,,1,,,35.97KB,,FALSE
mm2-configs.ilelvp.internal,,1,,,55.61KB,,FALSE
mm2-configs.nmat-prod.internal,,1,,,31.9KB,,FALSE
mm2-configs.pone-prod.internal,,1,,,40.38KB,,FALSE
mm2-offset-syncs.eeb-prod-azure-e-cl.internal,,1,32B/s,,7.67MB,,FALSE
mm2-offset-syncs.ilelvp.internal,,6,3B/s,,4.19MB,,FALSE
mm2-offset-syncs.nmat-prod.internal,,6,604B/s,604B/s,28.93MB,,FALSE
mm2-offset-syncs.pone-prod.internal,,6,23B/s,,2.77MB,,FALSE
mm2-offsets.east-gcp-prod.internal,,6,,,0B,,FALSE
mm2-offsets.eeb-prod-azure-e-cl.90f9d2.internal,,25,41B/s,82B/s,14.53MB,,FALSE
mm2-offsets.eeb-prod-azure-e-cl.internal,,25,,,1.94KB,,FALSE
mm2-offsets.eeb-prod-gcp-c1-cl.7d102b.internal,,25,3B/s,50B/s,1008.85KB,,FALSE
mm2-offsets.eeb-prod-gcp-e4-cl.internal,,25,,,196B,,FALSE
mm2-offsets.ilelvp.internal,,6,6B/s,6B/s,2.46MB,,FALSE
mm2-offsets.nmat-prod.internal,,6,6B/s,6B/s,1.89MB,,FALSE
mm2-offsets.pone-prod.internal,,6,9B/s,9B/s,1.83MB,,FALSE
mm2-status.east-gcp-prod.internal,,6,,,0B,,FALSE
mm2-status.eeb-prod-azure-e-cl.90f9d2.internal,,5,,,98.31KB,,FALSE
mm2-status.eeb-prod-azure-e-cl.internal,,5,,,7.69KB,,FALSE
mm2-status.eeb-prod-gcp-c1-cl.7d102b.internal,,5,,,4.09KB,,FALSE
mm2-status.eeb-prod-gcp-e4-cl.internal,,5,,,1.1KB,,FALSE
mm2-status.ilelvp.internal,,6,,,6.49KB,,FALSE
mm2-status.nmat-prod.internal,,6,,,9.17KB,,FALSE
mm2-status.pone-prod.internal,,6,,,13.79KB,,FALSE
MRCS.OPERATIONS.SEARCHREQUEST.CLOSED,,3,,,11.01MB,1,TRUE
MRCS.OPERATIONS.SEARCHREQUEST.INITIATION,,3,17B/s,34B/s,12.61MB,1,TRUE
MRCS.OPERATIONS.SEARCHREQUEST.REMINDER,,3,,0B/s,481.41KB,1,TRUE
NCOA.OPERATIONS.ACS.DISPOSITION.UPDATE,,97,,,1.26GB,3,TRUE
nmat-cy-dummy,,1,,,0B,,FALSE
nmat-prod.checkpoints.internal,,6,,,592B,,FALSE
nmat-prod.heartbeats,,6,,,10.95MB,,FALSE
pone-cydummy,,6,,,0B,,FALSE
pone-cydummy-gcp,,6,,,0B,,FALSE
pone-prod.azure-ptr2.heartbeats,,6,108B/s,108B/s,50.02MB,,FALSE
pone-prod.azure-ptr21.heartbeats,,6,,,418B,,FALSE
pone-prod.checkpoints.internal,,6,,,0B,,FALSE
pone-prod.heartbeats,,6,194B/s,,81.16MB,,FALSE
pone-prod.src.heartbeats,,6,,,0B,,FALSE
poneptr2-manifest-ssf,,3,,,0B,,FALSE
poneptr2-manifest.ssf,,3,,,0B,,FALSE
POSTALONE.MANIFEST.SSF,,39,7.29KB/s,14.58KB/s,685.32MB,13,TRUE
PROGREG.REFERENCE.CUSTOMER,,6,,,959.31KB,1,TRUE
PTR2.MANIFEST.SSF,,197,,,0B,,TRUE
PTR2.OPERATIONS.CONTAINER.SCAN,,197,,,0B,,TRUE
PTR2.OPERATIONS.NOTIFICATIONS,,197,,,0B,,TRUE
PTR2.OPERATIONS.PACKAGE.SCAN,,197,,,0B,,TRUE
PTR2.OPERATIONS.RIPS,,197,,,0B,,TRUE
PTR2.REFERENCE.DATA,,3,,,0B,,TRUE
RSS.OPERATIONS.ACP,,35,94.17KB/s,171.87KB/s,45.51GB,3,TRUE
RSS.OPERATIONS.MPU,,6,8.35KB/s,16.69KB/s,3.44GB,1,TRUE
RSS.OPERATIONS.OSW,,3,8.63KB/s,17.19KB/s,3.55GB,1,TRUE
RSS.OPERATIONS.SMP,,3,491B/s,982B/s,132.21MB,1,TRUE
RSS.OPERATIONS.SR,,3,16B/s,16B/s,9.85MB,1,TRUE
SAMS2.OPERATIONS.DOM.ASSIGNMENTLOG.V0,,3,0B/s,0B/s,2.04GB,2,TRUE
SASS.OPERATIONS.CONTAINERSCAN.V0,,6,0B/s,0B/s,85.65MB,2,TRUE
SASS.OPERATIONS.HUSCAN.V0,,6,72B/s,145B/s,18.26GB,2,TRUE
SASS.OPERATIONS.PROCESSEDTAG.V0,,6,,,2.04GB,2,TRUE
SDC.REFERENCE.HOLIDAY,,3,,,112.75KB,1,TRUE
SEAM.MANIFEST.SSF,,12,,,55.87MB,1,TRUE
SEAM.OPERATIONS.SPF,,12,,,0B,1,TRUE
SENSITIVE.EEB.CBPMAN.MANIFEST.TARIFF.V0,,6,,,13.04KB,,TRUE
SENSITIVE.EEB.CBPMAN.MANIFEST.TARIFF.V0.REJECTED,,3,,,0B,,TRUE
SENSITIVE.EEB.IMDAS.HLD.V0,,6,,,89.88KB,,TRUE
SENSITIVE.EEB.IMDAS.HLD.V0.REJECTED,,3,,,0B,,TRUE
SENSITIVE.EEB.NMATS.ICRENHANCED.V0,,6,1.29MB/s,,27.32GB,,TRUE
SENSITIVE.EEB.NMATS.ICRENHANCED.V0.REJECTED,,3,,,0B,,TRUE
SENSITIVE.EEB.OPERATIONS.ACP,,3,,,69.96KB,1,TRUE
SENSITIVE.EEB.OPERATIONS.ACP.REJECTED,,3,,,0B,,TRUE
SENSITIVE.EEB.OPERATIONS.PTR2.PACKAGE.SCAN,,197,,,0B,,TRUE
SENSITIVE.EEB.OPERATIONS.PTR2.PACKAGE.SCAN.AIVIRTUALASSISTANT,,197,,,0B,,TRUE
SENSITIVE.EEB.OPERATIONS.PTR2.PACKAGE.SCAN.C360,,197,,,0B,,TRUE
SENSITIVE.EEB.OPERATIONS.PTR2.PACKAGE.SCAN.CUSTOMER,,197,,,0B,,TRUE
SENSITIVE.EEB.OPERATIONS.PTR2.PACKAGE.SCAN.ENCMS,,197,,,0B,,TRUE
SENSITIVE.EEB.OPERATIONS.PTR2.PACKAGE.SCAN.FIRMSHEET,,197,,,0B,,TRUE
SENSITIVE.EEB.OPERATIONS.PTR2.PACKAGE.SCAN.FORWARDING,,197,,,0B,,TRUE
SENSITIVE.EEB.OPERATIONS.PTR2.PACKAGE.SCAN.INTERNATIONALDESTINATION.EMSEVT,,197,,,0B,,TRUE
SENSITIVE.EEB.OPERATIONS.PTR2.PACKAGE.SCAN.MDIMS,,197,,,0B,,TRUE
SENSITIVE.EEB.OPERATIONS.PTR2.PACKAGE.SCAN.MRA,,197,,,0B,,TRUE
SENSITIVE.EEB.OPERATIONS.PTR2.PACKAGE.SCAN.PICKUPACCEPTANCE,,197,,,0B,,TRUE
SENSITIVE.EEB.OPERATIONS.PTR2.PACKAGE.SCAN.REJECTED,,3,,,0B,,TRUE
SENSITIVE.EEB.OPERATIONS.PTR2.PACKAGE.SCAN.RURALROUTEREPORT,,197,,,0B,,TRUE
SENSITIVE.EEB.OPERATIONS.PTR2.PACKAGE.SCAN.SEAM,,197,,,0B,,TRUE
SENSITIVE.EEB.OPERATIONS.PTR2.PACKAGE.SCAN.SECONDNOTICE,,197,,,0B,,TRUE
SENSITIVE.EEB.OPERATIONS.PTR2.PACKAGE.SCAN.STARTOFDAYAGGREGATE,,197,,,0B,,TRUE
SENSITIVE.EEB.OPERATIONS.PTR2.PACKAGE.SCAN.STARTTHECLOCK,,197,,,0B,,TRUE
SENSITIVE.PTR2.OPERATIONS.PACKAGE.SCAN,,197,,,0B,,TRUE
SV.OPERATIONS.MEV,,3,7.95KB/s,11.79KB/s,3.47GB,3,TRUE
SV.OPERATIONS.NESTING.CT1,,197,132.47KB/s,239.12KB/s,223.58GB,3,TRUE
SV.OPERATIONS.TRANSPORATION.CT2,,22,0B/s,0B/s,15.38GB,6,TRUE
TRP.OPERATIONS.DELIVERYPREDICTION,,197,42.18KB/s,77.53KB/s,200.61GB,17,TRUE
